Josef Novak (102953);31
Roman Winter (112924);30
Alfons Winter (131213);30
Emil Bachor (152957);31
Emil Cejn (153001);31
Evzen Cejn (158496);29
Kamil Hrabal (169893);31
Sergej Novak (173943);30
Bohous Bachor (185704);30
Jan Bachor (186379);31
Jan Hron (197163);30
Jarmil Koukal (211576);31
Evzen Novak (211734);31
Bedrich Cejn (227206);31
Evzen Koukal (237539);31
Sergej Drab (238974);31
Bedrich Hron (254980);31
Filip Novak (261317);29
David Janovec (263352);31
Alfons Hrabal (272095);30
Evzen Baloun (272747);30
Bohous Hrabal (274605);30
Roman Hron (286809);29
Jan Zabrana (292224);31
Filip Zabrana (297550);30
Sergej Dubsky (305544);31
Kamil Drab (305786);30
Alfons Novak (305985);30
Jiri Bachor (309202);30
David Zabrana (354796);30
David Hrabal (386596);31
Jiri Cejn (393498);30
Bedrich Hron (406048);29
Bedrich Novak (406991);30
Arnost Strouhal (427196);31
Josef Janovec (435839);31
Bohous Strouhal (444799);30
Bohous Zabrana (444917);27
Emil Koukal (444939);30
Arnost Novak (445014);31
David Drab (445302);31
Bohous Winter (453143);29
Evzen Janovec (461661);30
Bedrich Hrabal (479362);31
Jiri Bachor (486204);30
Alfons Cejn (492658);31
Jiri Baloun (521059);31
Bedrich Drab (528730);31
Josef Drab (529959);31
David Winter (535891);31
Josef Dubsky (536686);31
Sergej Koukal (541058);30
Kamil Baloun (557090);30
Josef Hron (558142);30
Alfons Hron (574691);31
Roman Hrabal (589141);30
Evzen Koukal (594114);30
Bedrich Baloun (615098);30
Jan Drab (623693);31
Jarmil Hron (633931);31
Bohous Cejn (642532);30
Jan Hron (649718);30
Jiri Dubsky (653152);30
Bedrich Janovec (678107);29
Jiri Hron (686643);31
Jarmil Winter (696715);31
Jarmil Dubsky (710135);31
Roman Dubsky (714540);29
Sergej Drab (732553);30
Evzen Novak (753613);30
Sergej Dubsky (765955);31
Bohous Zabrana (784016);30
Bedrich Hrabal (786911);31
Alfons Winter (791838);31
Evzen Baloun (792963);31
Jiri Janovec (794012);30
Evzen Janovec (812053);31
Kamil Hrabal (813735);31
Jan Cejn (833037);30
Filip Hrabal (844608);31
Bohous Strouhal (845065);31
Filip Baloun (847313);30
Sergej Koukal (855399);31
Bedrich Hron (859620);30
Emil Bachor (864370);30
Josef Winter (865138);31
Filip Novak (877159);31
Jiri Drab (885837);31
David Winter (893789);30
Bohous Cejn (906901);30
Evzen Strouhal (907303);31
Evzen Koukal (910705);31
Evzen Dubsky (926737);31
Arnost Baloun (931211);30
Alfons Bachor (939106);31
Jan Hron (957688);29
Bohous Novak (969114);31
Evzen Winter (969501);31
Jarmil Zabrana (972697);31
Bohous Novak (989604);31
