102953;Josef Novak
112924;Roman Winter
131213;Alfons Winter
152957;Emil Bachor
153001;Emil Cejn
158496;Evzen Cejn
169893;Kamil Hrabal
173943;Sergej Novak
185704;Bohous Bachor
186379;Jan Bachor
197163;Jan Hron
211576;Jarmil Koukal
211734;Evzen Novak
227206;Bedrich Cejn
237539;Evzen Koukal
238974;Sergej Drab
254980;Bedrich Hron
261317;Filip Novak
263352;David Janovec
272095;Alfons Hrabal
272747;Evzen Baloun
274605;Bohous Hrabal
286809;Roman Hron
292224;Jan Zabrana
297550;Filip Zabrana
305544;Sergej Dubsky
305786;Kamil Drab
305985;Alfons Novak
309202;Jiri Bachor
354796;David Zabrana
386596;David Hrabal
393498;Jiri Cejn
406048;Bedrich Hron
406991;Bedrich Novak
427196;Arnost Strouhal
435839;Josef Janovec
444799;Bohous Strouhal
444917;Bohous Zabrana
444939;Emil Koukal
445014;Arnost Novak
445302;David Drab
453143;Bohous Winter
461661;Evzen Janovec
479362;Bedrich Hrabal
486204;Jiri Bachor
492658;Alfons Cejn
521059;Jiri Baloun
528730;Bedrich Drab
529959;Josef Drab
535891;David Winter
536686;Josef Dubsky
541058;Sergej Koukal
557090;Kamil Baloun
558142;Josef Hron
574691;Alfons Hron
589141;Roman Hrabal
594114;Evzen Koukal
615098;Bedrich Baloun
623693;Jan Drab
633931;Jarmil Hron
642532;Bohous Cejn
649718;Jan Hron
653152;Jiri Dubsky
678107;Bedrich Janovec
686643;Jiri Hron
696715;Jarmil Winter
710135;Jarmil Dubsky
714540;Roman Dubsky
732553;Sergej Drab
753613;Evzen Novak
765955;Sergej Dubsky
784016;Bohous Zabrana
786911;Bedrich Hrabal
791838;Alfons Winter
792963;Evzen Baloun
794012;Jiri Janovec
812053;Evzen Janovec
813735;Kamil Hrabal
833037;Jan Cejn
844608;Filip Hrabal
845065;Bohous Strouhal
847313;Filip Baloun
855399;Sergej Koukal
859620;Bedrich Hron
864370;Emil Bachor
865138;Josef Winter
877159;Filip Novak
885837;Jiri Drab
893789;David Winter
906901;Bohous Cejn
907303;Evzen Strouhal
910705;Evzen Koukal
926737;Evzen Dubsky
931211;Arnost Baloun
939106;Alfons Bachor
957688;Jan Hron
969114;Bohous Novak
969501;Evzen Winter
972697;Jarmil Zabrana
989604;Bohous Novak
