Jakub Bily,21
Kamil Liny,20
Kamil Zatloukal,25
Bernard Novak,16
Vaclav Jasny,25
David Novak,20
Honza Bily,23
Vaclav Zatloukal,25
Rehor Kulaty,23
Petr Bily,22
Rehor Dlouhy,24
Adam Dlouhy,19
Petr Novak,16
Jakub Zatloukal,18
David Bily,24
Honza Tycka,19
Petr Jasny,25
Jakub Liny,23
Adam Jasny,18
Ferdinand Bily,25
Kamil Hruby,18
Honza Novak,25
Emil Hruby,23
Honza Hruby,16
David Liny,25
Jakub Kulaty,24
Adam Zatloukal,18
Bernard Liny,23
Rehor Bily,19
Ferdinand Novak,18
Honza Zatloukal,20
Rehor Liny,22
Emil Dlouhy,17
David Jasny,18
Petr Tycka,24
David Kulaty,17
Petr Kulaty,23
Rehor Novak,23
Adam Tycka,21
Vaclav Liny,21
Adam Novak,20
Adam Bily,17
Ladislav Novak,23
Vaclav Novak,24
Vaclav Hruby,21
Ferdinand Liny,21
Bernard Jasny,17
Bernard Bily,24
Ladislav Jasny,21
Petr Zatloukal,25
Rehor Jasny,22
Ladislav Liny,18
Petr Liny,25
Kamil Bily,23
Rehor Tycka,20
Kamil Tycka,21
Honza Dlouhy,22
Ferdinand Kulaty,20
Honza Liny,22
David Zatloukal,17
Jakub Novak,19
Emil Tycka,18
Vaclav Tycka,23
Kamil Dlouhy,24
Rehor Zatloukal,25
Adam Kulaty,22
Ferdinand Hruby,19
Jakub Tycka,23
Jakub Hruby,17
Honza Jasny,24
Ladislav Tycka,22
Ladislav Kulaty,22
Bernard Dlouhy,23
Ladislav Zatloukal,25
Ferdinand Dlouhy,21
Emil Zatloukal,25
Ladislav Bily,18
Petr Hruby,19
Jakub Dlouhy,24
David Tycka,19
Bernard Tycka,22
Petr Dlouhy,25
Emil Bily,16
Ferdinand Tycka,21
Emil Novak,17
Vaclav Dlouhy,22
David Dlouhy,18
Kamil Kulaty,18
Jakub Jasny,19
