Evzen Bachor (270421);29
Roman Koukal (622789);30
Alfons Janovec (818782);31
Bedrich Cejn (197848);31
Roman Bachor (268580);30
Kamil Dubsky (700033);31
Alfons Strouhal (221436);31
Evzen Hron (268803);31
Emil Novak (189485);31
Jiri Strouhal (834714);28
David Drab (493751);31
Filip Koukal (707845);30
Filip Cejn (516338);31
Bohous Novak (527723);31
Jarmil Janovec (138441);30
Josef Dubsky (651153);31
Filip Bachor (310278);29
Roman Baloun (143223);31
Bohous Janovec (808002);29
Josef Baloun (740892);31
Bedrich Janovec (457629);31
Sergej Dubsky (435704);31
Jiri Bachor (114448);31
Jiri Bachor (284405);31
Bohous Winter (868396);30
Roman Hrabal (132088);30
Evzen Zabrana (687813);31
Josef Hrabal (625010);31
Bohous Janovec (762183);31
Arnost Baloun (167405);29
Arnost Hron (853786);31
Roman Novak (276895);31
Arnost Strouhal (847201);30
Bedrich Hrabal (921844);31
Roman Cejn (378414);30
Bohous Hrabal (412696);31
Bedrich Novak (843839);31
Roman Winter (371263);30
Sergej Bachor (101699);30
Filip Hrabal (652262);31
Josef Dubsky (679110);31
Jiri Strouhal (683679);29
Josef Janovec (936509);30
Josef Hrabal (883617);27
Alfons Janovec (307307);31
Jan Zabrana (485985);30
Josef Drab (470704);31
Alfons Novak (604994);31
Bohous Cejn (812681);31
Filip Dubsky (407113);30
Jan Janovec (769300);29
Jarmil Koukal (581388);31
Bohous Baloun (996624);31
Evzen Hron (441256);31
Jan Koukal (395923);31
Josef Baloun (379447);31
Alfons Hrabal (740408);31
Jiri Strouhal (477614);31
Filip Baloun (528098);31
Kamil Dubsky (522392);30
Arnost Zabrana (785913);31
Jarmil Baloun (824129);28
Alfons Hrabal (814478);31
Sergej Bachor (720978);31
Emil Novak (220395);30
Evzen Koukal (350856);31
Josef Winter (333493);30
David Baloun (241000);31
Evzen Zabrana (198977);30
Jan Drab (101309);30
Emil Dubsky (180264);31
Kamil Strouhal (298147);31
Alfons Janovec (653602);30
Jan Winter (106918);31
Filip Drab (619532);31
Roman Baloun (890412);30
Kamil Dubsky (808264);30
Roman Cejn (600753);31
Bohous Hrabal (932209);29
Alfons Bachor (327828);30
Bedrich Novak (278597);30
Emil Koukal (107495);30
Bohous Drab (972528);31
Roman Baloun (202690);29
Arnost Hron (682557);30
Emil Koukal (768828);31
Bohous Zabrana (535810);31
Josef Strouhal (306154);31
Josef Novak (980249);30
Roman Dubsky (162907);31
Evzen Hrabal (494204);31
Sergej Koukal (722686);29
Jiri Janovec (562768);31
Evzen Drab (931791);31
Roman Bachor (840606);30
Roman Zabrana (672064);31
Jarmil Hrabal (826207);31
Jarmil Winter (473496);31
Kamil Zabrana (696577);30
Arnost Drab (574610);30
