101309;Jan Drab
101699;Sergej Bachor
106918;Jan Winter
107495;Emil Koukal
114448;Jiri Bachor
132088;Roman Hrabal
138441;Jarmil Janovec
143223;Roman Baloun
162907;Roman Dubsky
167405;Arnost Baloun
180264;Emil Dubsky
189485;Emil Novak
197848;Bedrich Cejn
198977;Evzen Zabrana
202690;Roman Baloun
220395;Emil Novak
221436;Alfons Strouhal
241000;David Baloun
268580;Roman Bachor
268803;Evzen Hron
270421;Evzen Bachor
276895;Roman Novak
278597;Bedrich Novak
284405;Jiri Bachor
298147;Kamil Strouhal
306154;Josef Strouhal
307307;Alfons Janovec
310278;Filip Bachor
327828;Alfons Bachor
333493;Josef Winter
350856;Evzen Koukal
371263;Roman Winter
378414;Roman Cejn
379447;Josef Baloun
395923;Jan Koukal
407113;Filip Dubsky
412696;Bohous Hrabal
435704;Sergej Dubsky
441256;Evzen Hron
457629;Bedrich Janovec
470704;Josef Drab
473496;Jarmil Winter
477614;Jiri Strouhal
485985;Jan Zabrana
493751;David Drab
494204;Evzen Hrabal
516338;Filip Cejn
522392;Kamil Dubsky
527723;Bohous Novak
528098;Filip Baloun
535810;Bohous Zabrana
562768;Jiri Janovec
574610;Arnost Drab
581388;Jarmil Koukal
600753;Roman Cejn
604994;Alfons Novak
619532;Filip Drab
622789;Roman Koukal
625010;Josef Hrabal
651153;Josef Dubsky
652262;Filip Hrabal
653602;Alfons Janovec
672064;Roman Zabrana
679110;Josef Dubsky
682557;Arnost Hron
683679;Jiri Strouhal
687813;Evzen Zabrana
696577;Kamil Zabrana
700033;Kamil Dubsky
707845;Filip Koukal
720978;Sergej Bachor
722686;Sergej Koukal
740408;Alfons Hrabal
740892;Josef Baloun
762183;Bohous Janovec
768828;Emil Koukal
769300;Jan Janovec
785913;Arnost Zabrana
808002;Bohous Janovec
808264;Kamil Dubsky
812681;Bohous Cejn
814478;Alfons Hrabal
818782;Alfons Janovec
824129;Jarmil Baloun
826207;Jarmil Hrabal
834714;Jiri Strouhal
840606;Roman Bachor
843839;Bedrich Novak
847201;Arnost Strouhal
853786;Arnost Hron
868396;Bohous Winter
883617;Josef Hrabal
890412;Roman Baloun
921844;Bedrich Hrabal
931791;Evzen Drab
932209;Bohous Hrabal
936509;Josef Janovec
972528;Bohous Drab
980249;Josef Novak
996624;Bohous Baloun
